avg_session_duration,avg_engagement_rate
40.037355792170445,0.804419817759942
23.695517409313048,0.8371061820167439
18.066827464027636,0.9052896801674094
24.358723254002072,0.7887492915188431
19.746657007236937,0.91818740992936
18.550290923635366,0.9169446419803733
31.9916122715926,0.7741025147994937
30.611143683851182,0.8719529749672661
28.447386292307122,0.9176635551538896
25.53301482498459,0.8508539029099682
